<?xml version="1.0" encoding="UTF-8"?>
<!--This file contains all the Entity and Attribute Information--><gfc:FC_FeatureCatalogue xmlns:gmx="http://www.isotc211.org/2005/gmx"
                         xmlns:gco="http://www.isotc211.org/2005/gco"
                         xmlns:gmd="http://www.isotc211.org/2005/gmd"
                         xmlns:xlink="http://www.w3.org/1999/xlink"
                         xmlns:gml="http://www.opengis.net/gml/3.2"
                         xmlns:xsi="http://www.w3.org/2001/XMLSchema-instance"
                         xmlns:gfc="http://www.isotc211.org/2005/gfc"
                         xsi:schemaLocation="https://www.ngdc.noaa.gov/metadata/published/xsd/schema/gfc/featureCataloging.xsd http://www.isotc211.org/2005/gfc">
   <gmx:name>
      <gco:CharacterString>Feature Catalog for the  Current Elementary School Districts State-based</gco:CharacterString>
   </gmx:name>
   <gmx:scope>
      <gco:CharacterString> Current Elementary School Districts State-based</gco:CharacterString>
   </gmx:scope>
   <gmx:versionNumber>
      <gco:CharacterString>2018</gco:CharacterString>
   </gmx:versionNumber>
   <gmx:versionDate>
      <gco:Date>2017-06-01</gco:Date>
   </gmx:versionDate>
   <gmx:language>
      <gco:CharacterString>eng</gco:CharacterString>
   </gmx:language>
   <gmx:characterSet>
      <gmd:MD_CharacterSetCode codeList="http://www.isotc211.org/2005/resources/Codelist/gmxCodelists.xml#MD_CharacterSetCode"
                               codeListValue="utf8"
                               codeSpace="004">utf8
            </gmd:MD_CharacterSetCode>
   </gmx:characterSet>
   <gfc:featureType>
      <gfc:FC_FeatureType>
         <gfc:typeName>
            <gco:LocalName>ELSD.shp</gco:LocalName>
         </gfc:typeName>
         <gfc:definition>
            <gco:CharacterString>Current Elementary School District State-based</gco:CharacterString>
         </gfc:definition>
         <gfc:isAbstract>
            <gco:Boolean>false</gco:Boolean>
         </gfc:isAbstract>
         <gfc:featureCatalogue uuidref="2018_elsd.ea.iso.xml"/>
         <gfc:carrierOfCharacteristics>
            <gfc:FC_FeatureAttribute>
               <gfc:memberName>
                  <gco:LocalName>STATEFP</gco:LocalName>
               </gfc:memberName>
               <gfc:definition>
                  <gco:CharacterString>Current state Federal Information Processing Series (FIPS) code</gco:CharacterString>
               </gfc:definition>
               <gfc:cardinality gco:nilReason="unknown"/>
               <gfc:definitionReference xlink:title="U.S. Census Bureau"
                                        xlink:href="http://www.ngdc.noaa.gov/docucomp/eb139e38-ee29-4d59-b157-5e874d4420c4"/>
               <gfc:listedValue>
                  <gfc:FC_ListedValue>
                     <gfc:label>
                        <gco:CharacterString>
              National Standard Codes (ANSI INCITS 38-2009), Federal Information Processing
              Series (FIPS) - States/State Equivalents
            </gco:CharacterString>
                     </gfc:label>
                     <gfc:definitionReference xlink:title="U.S. Census Bureau"
                                              xlink:href="http://www.ngdc.noaa.gov/docucomp/eb139e38-ee29-4d59-b157-5e874d4420c4"/>
                  </gfc:FC_ListedValue>
               </gfc:listedValue>
            </gfc:FC_FeatureAttribute>
         </gfc:carrierOfCharacteristics>
         <gfc:carrierOfCharacteristics>
            <gfc:FC_FeatureAttribute>
               <gfc:memberName>
                  <gco:LocalName>ELSDLEA</gco:LocalName>
               </gfc:memberName>
               <gfc:definition>
                  <gco:CharacterString>Current elementary school district local education agency code</gco:CharacterString>
               </gfc:definition>
               <gfc:cardinality gco:nilReason="unknown"/>
               <gfc:definitionReference xlink:title="U.S. Census Bureau"
                                        xlink:href="http://www.ngdc.noaa.gov/docucomp/eb139e38-ee29-4d59-b157-5e874d4420c4"/>
               <gfc:listedValue>
                  <gfc:FC_ListedValue>
                     <gfc:label gco:nilReason="inapplicable"/>
                     <gfc:definition>
                        <gco:CharacterString> Range Domain Minimum: 00001
                                              Range Domain Maximum: 99996</gco:CharacterString>
                     </gfc:definition>
                  </gfc:FC_ListedValue>
               </gfc:listedValue>
            </gfc:FC_FeatureAttribute>
         </gfc:carrierOfCharacteristics>
         <gfc:carrierOfCharacteristics>
            <gfc:FC_FeatureAttribute>
               <gfc:memberName>
                  <gco:LocalName>GEOID</gco:LocalName>
               </gfc:memberName>
               <gfc:definition>
                  <gco:CharacterString>
          School district identifier; a concatenation of the current state FIPS code and
          elementary school district local education agency code
        </gco:CharacterString>
               </gfc:definition>
               <gfc:cardinality gco:nilReason="unknown"/>
               <gfc:definitionReference xlink:title="U.S. Census Bureau"
                                        xlink:href="http://www.ngdc.noaa.gov/docucomp/eb139e38-ee29-4d59-b157-5e874d4420c4"/>
               <gfc:listedValue>
                  <gfc:FC_ListedValue>
                     <gfc:label gco:nilReason="inapplicable"/>
                     <gfc:definition>
                        <gco:CharacterString>
            The GEOID attribute is a concatenation of the state FIPS code followed by the elementary
            school district local education agency code. No spaces are allowed between the two codes.
            The State FIPS code is taken from "National Standard Codes (ANSI INCITS 38-2009),
            Federal Information Processing Series(FIPS) - States". The elementary school district
            local education agency code is taken from the "ELSDLEA" attribute.
          </gco:CharacterString>
                     </gfc:definition>
                  </gfc:FC_ListedValue>
               </gfc:listedValue>
            </gfc:FC_FeatureAttribute>
         </gfc:carrierOfCharacteristics>
         <gfc:carrierOfCharacteristics>
            <gfc:FC_FeatureAttribute>
               <gfc:memberName>
                  <gco:LocalName>NAME</gco:LocalName>
               </gfc:memberName>
               <gfc:definition>
                  <gco:CharacterString>Current elementary school district name</gco:CharacterString>
               </gfc:definition>
               <gfc:cardinality gco:nilReason="unknown"/>
               <gfc:definitionReference>
                  <gfc:FC_DefinitionReference>
                     <gfc:definitionSource>
                        <gfc:FC_DefinitionSource>
                           <gfc:source>
                              <gmd:CI_Citation>
                                 <gmd:title gco:nilReason="inapplicable"/>
                                 <gmd:date gco:nilReason="unknown"/>
                                 <gmd:citedResponsibleParty>
                                    <gmd:CI_ResponsibleParty>
                                       <gmd:organisationName>
                                          <gco:CharacterString>local school district</gco:CharacterString>
                                       </gmd:organisationName>
                                       <gmd:role>
                                          <gmd:CI_RoleCode codeList="http://www.isotc211.org/2005/resources/Codelist/gmxCodelists.xml#CI_RoleCode"
                                                           codeListValue="resourceProvider"
                                                           codeSpace="001"> resourceProvider
                                                  </gmd:CI_RoleCode>
                                       </gmd:role>
                                    </gmd:CI_ResponsibleParty>
                                 </gmd:citedResponsibleParty>
                              </gmd:CI_Citation>
                           </gfc:source>
                        </gfc:FC_DefinitionSource>
                     </gfc:definitionSource>
                  </gfc:FC_DefinitionReference>
               </gfc:definitionReference>
               <gfc:listedValue>
                  <gfc:FC_ListedValue>
                     <gfc:label gco:nilReason="inapplicable"/>
                     <gfc:definition>
                        <gco:CharacterString>
            Values for this attribute are composed of a set of elementary school district names.
            As such, they do not exist in a known, predefined set.
          </gco:CharacterString>
                     </gfc:definition>
                  </gfc:FC_ListedValue>
               </gfc:listedValue>
            </gfc:FC_FeatureAttribute>
         </gfc:carrierOfCharacteristics>
         <gfc:carrierOfCharacteristics>
            <gfc:FC_FeatureAttribute>
               <gfc:memberName>
                  <gco:LocalName>LSAD</gco:LocalName>
               </gfc:memberName>
               <gfc:definition>
                  <gco:CharacterString>Current legal/statistical area description code for elementary school district</gco:CharacterString>
               </gfc:definition>
               <gfc:cardinality gco:nilReason="unknown"/>
               <gfc:definitionReference xlink:title="U.S. Census Bureau"
                                        xlink:href="http://www.ngdc.noaa.gov/docucomp/eb139e38-ee29-4d59-b157-5e874d4420c4"/>
               <gfc:listedValue>
                  <gfc:FC_ListedValue>
                     <gfc:label>
                        <gco:CharacterString>00</gco:CharacterString>
                     </gfc:label>
                     <gfc:definition>
                        <gco:CharacterString>Blank</gco:CharacterString>
                     </gfc:definition>
                     <gfc:definitionReference xlink:title="U.S. Census Bureau"
                                              xlink:href="http://www.ngdc.noaa.gov/docucomp/eb139e38-ee29-4d59-b157-5e874d4420c4"/>
                  </gfc:FC_ListedValue>
               </gfc:listedValue>
            </gfc:FC_FeatureAttribute>
         </gfc:carrierOfCharacteristics>
         <gfc:carrierOfCharacteristics>
            <gfc:FC_FeatureAttribute>
               <gfc:memberName>
                  <gco:LocalName>LOGRADE</gco:LocalName>
               </gfc:memberName>
               <gfc:definition>
                  <gco:CharacterString>Current lowest grade covered by school district</gco:CharacterString>
               </gfc:definition>
               <gfc:cardinality gco:nilReason="unknown"/>
               <gfc:definitionReference>
                  <gfc:FC_DefinitionReference>
                     <gfc:definitionSource>
                        <gfc:FC_DefinitionSource>
                           <gfc:source>
                              <gmd:CI_Citation>
                                 <gmd:title gco:nilReason="inapplicable"/>
                                 <gmd:date gco:nilReason="unknown"/>
                                 <gmd:citedResponsibleParty>
                                    <gmd:CI_ResponsibleParty>
                                       <gmd:organisationName>
                                          <gco:CharacterString>local school district</gco:CharacterString>
                                       </gmd:organisationName>
                                       <gmd:role>
                                          <gmd:CI_RoleCode codeList="http://www.isotc211.org/2005/resources/Codelist/gmxCodelists.xml#CI_RoleCode"
                                                           codeListValue="resourceProvider"
                                                           codeSpace="001"> resourceProvider
                                                  </gmd:CI_RoleCode>
                                       </gmd:role>
                                    </gmd:CI_ResponsibleParty>
                                 </gmd:citedResponsibleParty>
                              </gmd:CI_Citation>
                           </gfc:source>
                        </gfc:FC_DefinitionSource>
                     </gfc:definitionSource>
                  </gfc:FC_DefinitionReference>
               </gfc:definitionReference>
               <gfc:listedValue>
                  <gfc:FC_ListedValue>
                     <gfc:label>
                        <gco:CharacterString>01</gco:CharacterString>
                     </gfc:label>
                     <gfc:definition>
                        <gco:CharacterString>1st Grade</gco:CharacterString>
                     </gfc:definition>
                     <gfc:definitionReference>
                        <gfc:FC_DefinitionReference>
                           <gfc:definitionSource>
                              <gfc:FC_DefinitionSource>
                                 <gfc:source>
                                    <gmd:CI_Citation>
                                       <gmd:title gco:nilReason="inapplicable"/>
                                       <gmd:date gco:nilReason="unknown"/>
                                       <gmd:citedResponsibleParty>
                                          <gmd:CI_ResponsibleParty>
                                             <gmd:organisationName>
                                                <gco:CharacterString>local school district</gco:CharacterString>
                                             </gmd:organisationName>
                                             <gmd:role>
                                                <gmd:CI_RoleCode codeList="http://www.isotc211.org/2005/resources/Codelist/gmxCodelists.xml#CI_RoleCode"
                                                                 codeListValue="resourceProvider"
                                                                 codeSpace="001">resourceProvider
                                                  </gmd:CI_RoleCode>
                                             </gmd:role>
                                          </gmd:CI_ResponsibleParty>
                                       </gmd:citedResponsibleParty>
                                    </gmd:CI_Citation>
                                 </gfc:source>
                              </gfc:FC_DefinitionSource>
                           </gfc:definitionSource>
                        </gfc:FC_DefinitionReference>
                     </gfc:definitionReference>
                  </gfc:FC_ListedValue>
               </gfc:listedValue>
               <gfc:listedValue>
                  <gfc:FC_ListedValue>
                     <gfc:label>
                        <gco:CharacterString>KG</gco:CharacterString>
                     </gfc:label>
                     <gfc:definition>
                        <gco:CharacterString>Kindergarten</gco:CharacterString>
                     </gfc:definition>
                     <gfc:definitionReference>
                        <gfc:FC_DefinitionReference>
                           <gfc:definitionSource>
                              <gfc:FC_DefinitionSource>
                                 <gfc:source>
                                    <gmd:CI_Citation>
                                       <gmd:title gco:nilReason="inapplicable"/>
                                       <gmd:date gco:nilReason="unknown"/>
                                       <gmd:citedResponsibleParty>
                                          <gmd:CI_ResponsibleParty>
                                             <gmd:organisationName>
                                                <gco:CharacterString>local school district</gco:CharacterString>
                                             </gmd:organisationName>
                                             <gmd:role>
                                                <gmd:CI_RoleCode codeList="http://www.isotc211.org/2005/resources/Codelist/gmxCodelists.xml#CI_RoleCode"
                                                                 codeListValue="resourceProvider"
                                                                 codeSpace="001">resourceProvider
                                                  </gmd:CI_RoleCode>
                                             </gmd:role>
                                          </gmd:CI_ResponsibleParty>
                                       </gmd:citedResponsibleParty>
                                    </gmd:CI_Citation>
                                 </gfc:source>
                              </gfc:FC_DefinitionSource>
                           </gfc:definitionSource>
                        </gfc:FC_DefinitionReference>
                     </gfc:definitionReference>
                  </gfc:FC_ListedValue>
               </gfc:listedValue>
               <gfc:listedValue>
                  <gfc:FC_ListedValue>
                     <gfc:label>
                        <gco:CharacterString>PK</gco:CharacterString>
                     </gfc:label>
                     <gfc:definition>
                        <gco:CharacterString>Pre-Kindergarten</gco:CharacterString>
                     </gfc:definition>
                     <gfc:definitionReference>
                        <gfc:FC_DefinitionReference>
                           <gfc:definitionSource>
                              <gfc:FC_DefinitionSource>
                                 <gfc:source>
                                    <gmd:CI_Citation>
                                       <gmd:title gco:nilReason="inapplicable"/>
                                       <gmd:date gco:nilReason="unknown"/>
                                       <gmd:citedResponsibleParty>
                                          <gmd:CI_ResponsibleParty>
                                             <gmd:organisationName>
                                                <gco:CharacterString>local school district</gco:CharacterString>
                                             </gmd:organisationName>
                                             <gmd:role>
                                                <gmd:CI_RoleCode codeList="http://www.isotc211.org/2005/resources/Codelist/gmxCodelists.xml#CI_RoleCode"
                                                                 codeListValue="resourceProvider"
                                                                 codeSpace="001">resourceProvider
                                                  </gmd:CI_RoleCode>
                                             </gmd:role>
                                          </gmd:CI_ResponsibleParty>
                                       </gmd:citedResponsibleParty>
                                    </gmd:CI_Citation>
                                 </gfc:source>
                              </gfc:FC_DefinitionSource>
                           </gfc:definitionSource>
                        </gfc:FC_DefinitionReference>
                     </gfc:definitionReference>
                  </gfc:FC_ListedValue>
               </gfc:listedValue>
            </gfc:FC_FeatureAttribute>
         </gfc:carrierOfCharacteristics>
         <gfc:carrierOfCharacteristics>
            <gfc:FC_FeatureAttribute>
               <gfc:memberName>
                  <gco:LocalName>HIGRADE</gco:LocalName>
               </gfc:memberName>
               <gfc:definition>
                  <gco:CharacterString>Current highest grade covered by school district</gco:CharacterString>
               </gfc:definition>
               <gfc:cardinality gco:nilReason="unknown"/>
               <gfc:definitionReference>
                  <gfc:FC_DefinitionReference>
                     <gfc:definitionSource>
                        <gfc:FC_DefinitionSource>
                           <gfc:source>
                              <gmd:CI_Citation>
                                 <gmd:title gco:nilReason="inapplicable"/>
                                 <gmd:date gco:nilReason="unknown"/>
                                 <gmd:citedResponsibleParty>
                                    <gmd:CI_ResponsibleParty>
                                       <gmd:organisationName>
                                          <gco:CharacterString>local school district</gco:CharacterString>
                                       </gmd:organisationName>
                                       <gmd:role>
                                          <gmd:CI_RoleCode codeList="http://www.isotc211.org/2005/resources/Codelist/gmxCodelists.xml#CI_RoleCode"
                                                           codeListValue="resourceProvider"
                                                           codeSpace="001"> resourceProvider
                                                  </gmd:CI_RoleCode>
                                       </gmd:role>
                                    </gmd:CI_ResponsibleParty>
                                 </gmd:citedResponsibleParty>
                              </gmd:CI_Citation>
                           </gfc:source>
                        </gfc:FC_DefinitionSource>
                     </gfc:definitionSource>
                  </gfc:FC_DefinitionReference>
               </gfc:definitionReference>
               <gfc:valueMeasurementUnit>
                  <gml:BaseUnit gml:id="HIGRADE">
                     <gml:identifier codeSpace="HIGRADE">Grade</gml:identifier>
                     <gml:unitsSystem xlink:href="http://www.bipm.org/en/si/base_units/"/>
                  </gml:BaseUnit>
               </gfc:valueMeasurementUnit>
               <gfc:listedValue>
                  <gfc:FC_ListedValue>
                     <gfc:label gco:nilReason="inapplicable"/>
                     <gfc:definition>
                        <gco:CharacterString> Range Domain Minimum: 04
                                              Range Domain Maximum: 12</gco:CharacterString>
                     </gfc:definition>
                  </gfc:FC_ListedValue>
               </gfc:listedValue>
            </gfc:FC_FeatureAttribute>
         </gfc:carrierOfCharacteristics>
         <gfc:carrierOfCharacteristics>
            <gfc:FC_FeatureAttribute>
               <gfc:memberName>
                  <gco:LocalName>MTFCC</gco:LocalName>
               </gfc:memberName>
               <gfc:definition>
                  <gco:CharacterString>MAF/TIGER feature class code</gco:CharacterString>
               </gfc:definition>
               <gfc:cardinality gco:nilReason="unknown"/>
               <gfc:definitionReference xlink:title="U.S. Census Bureau"
                                        xlink:href="http://www.ngdc.noaa.gov/docucomp/eb139e38-ee29-4d59-b157-5e874d4420c4"/>
               <gfc:listedValue>
                  <gfc:FC_ListedValue>
                     <gfc:label>
                        <gco:CharacterString>G5400</gco:CharacterString>
                     </gfc:label>
                     <gfc:definition>
                        <gco:CharacterString>Elementary School District</gco:CharacterString>
                     </gfc:definition>
                     <gfc:definitionReference xlink:title="U.S. Census Bureau"
                                              xlink:href="http://www.ngdc.noaa.gov/docucomp/eb139e38-ee29-4d59-b157-5e874d4420c4"/>
                  </gfc:FC_ListedValue>
               </gfc:listedValue>
            </gfc:FC_FeatureAttribute>
         </gfc:carrierOfCharacteristics>
         <gfc:carrierOfCharacteristics>
            <gfc:FC_FeatureAttribute>
               <gfc:memberName>
                  <gco:LocalName>SDTYP</gco:LocalName>
               </gfc:memberName>
               <gfc:definition>
                  <gco:CharacterString>Current school district type</gco:CharacterString>
               </gfc:definition>
               <gfc:cardinality gco:nilReason="unknown"/>
               <gfc:definitionReference xlink:title="U.S. Census Bureau"
                                        xlink:href="http://www.ngdc.noaa.gov/docucomp/eb139e38-ee29-4d59-b157-5e874d4420c4"/>
               <gfc:listedValue>
                  <gfc:FC_ListedValue>
                     <gfc:label>
                        <gco:CharacterString>A</gco:CharacterString>
                     </gfc:label>
                     <gfc:definition>
                        <gco:CharacterString>Pseudo</gco:CharacterString>
                     </gfc:definition>
                     <gfc:definitionReference xlink:title="U.S. Census Bureau"
                                              xlink:href="http://www.ngdc.noaa.gov/docucomp/eb139e38-ee29-4d59-b157-5e874d4420c4"/>
                  </gfc:FC_ListedValue>
               </gfc:listedValue>
               <gfc:listedValue>
                  <gfc:FC_ListedValue>
                     <gfc:label>
                        <gco:CharacterString>B</gco:CharacterString>
                     </gfc:label>
                     <gfc:definition>
                        <gco:CharacterString>DoD</gco:CharacterString>
                     </gfc:definition>
                     <gfc:definitionReference xlink:title="U.S. Census Bureau"
                                              xlink:href="http://www.ngdc.noaa.gov/docucomp/eb139e38-ee29-4d59-b157-5e874d4420c4"/>
                  </gfc:FC_ListedValue>
               </gfc:listedValue>
               <gfc:listedValue>
                  <gfc:FC_ListedValue>
                     <gfc:label>
                        <gco:CharacterString>C</gco:CharacterString>
                     </gfc:label>
                     <gfc:definition>
                        <gco:CharacterString>Interstate</gco:CharacterString>
                     </gfc:definition>
                     <gfc:definitionReference xlink:title="U.S. Census Bureau"
                                              xlink:href="http://www.ngdc.noaa.gov/docucomp/eb139e38-ee29-4d59-b157-5e874d4420c4"/>
                  </gfc:FC_ListedValue>
               </gfc:listedValue>
               <gfc:listedValue>
                  <gfc:FC_ListedValue>
                     <gfc:label>
                        <gco:CharacterString>D</gco:CharacterString>
                     </gfc:label>
                     <gfc:definition>
                        <gco:CharacterString>BIA</gco:CharacterString>
                     </gfc:definition>
                     <gfc:definitionReference xlink:title="U.S. Census Bureau"
                                              xlink:href="http://www.ngdc.noaa.gov/docucomp/eb139e38-ee29-4d59-b157-5e874d4420c4"/>
                  </gfc:FC_ListedValue>
               </gfc:listedValue>
               <gfc:listedValue>
                  <gfc:FC_ListedValue>
                     <gfc:label>
                        <gco:CharacterString>E</gco:CharacterString>
                     </gfc:label>
                     <gfc:definition>
                        <gco:CharacterString>Same Name</gco:CharacterString>
                     </gfc:definition>
                     <gfc:definitionReference xlink:title="U.S. Census Bureau"
                                              xlink:href="http://www.ngdc.noaa.gov/docucomp/eb139e38-ee29-4d59-b157-5e874d4420c4"/>
                  </gfc:FC_ListedValue>
               </gfc:listedValue>
               <gfc:listedValue>
                  <gfc:FC_ListedValue>
                     <gfc:label>
                        <gco:CharacterString>F</gco:CharacterString>
                     </gfc:label>
                     <gfc:definition>
                        <gco:CharacterString>2000 Administrative Area</gco:CharacterString>
                     </gfc:definition>
                     <gfc:definitionReference xlink:title="U.S. Census Bureau"
                                              xlink:href="http://www.ngdc.noaa.gov/docucomp/eb139e38-ee29-4d59-b157-5e874d4420c4"/>
                  </gfc:FC_ListedValue>
               </gfc:listedValue>
            </gfc:FC_FeatureAttribute>
         </gfc:carrierOfCharacteristics>
         <gfc:carrierOfCharacteristics>
            <gfc:FC_FeatureAttribute>
               <gfc:memberName>
                  <gco:LocalName>FUNCSTAT</gco:LocalName>
               </gfc:memberName>
               <gfc:definition>
                  <gco:CharacterString>Current functional status</gco:CharacterString>
               </gfc:definition>
               <gfc:cardinality gco:nilReason="unknown"/>
               <gfc:definitionReference xlink:title="U.S. Census Bureau"
                                        xlink:href="http://www.ngdc.noaa.gov/docucomp/eb139e38-ee29-4d59-b157-5e874d4420c4"/>
               <gfc:listedValue>
                  <gfc:FC_ListedValue>
                     <gfc:label>
                        <gco:CharacterString>E</gco:CharacterString>
                     </gfc:label>
                     <gfc:definition>
                        <gco:CharacterString>Active government providing special-purpose functions</gco:CharacterString>
                     </gfc:definition>
                     <gfc:definitionReference xlink:title="U.S. Census Bureau"
                                              xlink:href="http://www.ngdc.noaa.gov/docucomp/eb139e38-ee29-4d59-b157-5e874d4420c4"/>
                  </gfc:FC_ListedValue>
               </gfc:listedValue>
               <gfc:listedValue>
                  <gfc:FC_ListedValue>
                     <gfc:label>
                        <gco:CharacterString>F</gco:CharacterString>
                     </gfc:label>
                     <gfc:definition>
                        <gco:CharacterString>Fictitious entity created to fill the Census Bureau geographic hierarchy</gco:CharacterString>
                     </gfc:definition>
                     <gfc:definitionReference xlink:title="U.S. Census Bureau"
                                              xlink:href="http://www.ngdc.noaa.gov/docucomp/eb139e38-ee29-4d59-b157-5e874d4420c4"/>
                  </gfc:FC_ListedValue>
               </gfc:listedValue>
               <gfc:listedValue>
                  <gfc:FC_ListedValue>
                     <gfc:label>
                        <gco:CharacterString>I</gco:CharacterString>
                     </gfc:label>
                     <gfc:definition>
                        <gco:CharacterString>
              Inactive governmental unit that has the power to provide special-purpose functions
            </gco:CharacterString>
                     </gfc:definition>
                     <gfc:definitionReference xlink:title="U.S. Census Bureau"
                                              xlink:href="http://www.ngdc.noaa.gov/docucomp/eb139e38-ee29-4d59-b157-5e874d4420c4"/>
                  </gfc:FC_ListedValue>
               </gfc:listedValue>
               <gfc:listedValue>
                  <gfc:FC_ListedValue>
                     <gfc:label>
                        <gco:CharacterString>N</gco:CharacterString>
                     </gfc:label>
                     <gfc:definition>
                        <gco:CharacterString>Nonfunctioning legal entity</gco:CharacterString>
                     </gfc:definition>
                     <gfc:definitionReference xlink:title="U.S. Census Bureau"
                                              xlink:href="http://www.ngdc.noaa.gov/docucomp/eb139e38-ee29-4d59-b157-5e874d4420c4"/>
                  </gfc:FC_ListedValue>
               </gfc:listedValue>
            </gfc:FC_FeatureAttribute>
         </gfc:carrierOfCharacteristics>
         <gfc:carrierOfCharacteristics>
            <gfc:FC_FeatureAttribute>
               <gfc:memberName>
                  <gco:LocalName>ALAND</gco:LocalName>
               </gfc:memberName>
               <gfc:definition>
                  <gco:CharacterString>Current land area (square meters)</gco:CharacterString>
               </gfc:definition>
               <gfc:cardinality gco:nilReason="unknown"/>
               <gfc:definitionReference xlink:title="U.S. Census Bureau"
                                        xlink:href="http://www.ngdc.noaa.gov/docucomp/eb139e38-ee29-4d59-b157-5e874d4420c4"/>
               <gfc:valueMeasurementUnit>
                  <gml:DerivedUnit gml:id="areaInMetersSquaredforALAND">
                     <gml:identifier codeSpace="area"/>
                     <gml:derivationUnitTerm uom="m" exponent="2"/>
                  </gml:DerivedUnit>
               </gfc:valueMeasurementUnit>
               <gfc:listedValue>
                  <gfc:FC_ListedValue>
                     <gfc:label gco:nilReason="inapplicable"/>
                     <gfc:definition>
                        <gco:CharacterString> Range Domain Minimum: 0
                                              Range Domain Maximum: 9,999,999,999,999</gco:CharacterString>
                     </gfc:definition>
                  </gfc:FC_ListedValue>
               </gfc:listedValue>
            </gfc:FC_FeatureAttribute>
         </gfc:carrierOfCharacteristics>
         <gfc:carrierOfCharacteristics>
            <gfc:FC_FeatureAttribute>
               <gfc:memberName>
                  <gco:LocalName>AWATER</gco:LocalName>
               </gfc:memberName>
               <gfc:definition>
                  <gco:CharacterString>Current water area (square meters)</gco:CharacterString>
               </gfc:definition>
               <gfc:cardinality gco:nilReason="unknown"/>
               <gfc:definitionReference xlink:title="U.S. Census Bureau"
                                        xlink:href="http://www.ngdc.noaa.gov/docucomp/eb139e38-ee29-4d59-b157-5e874d4420c4"/>
               <gfc:valueMeasurementUnit>
                  <gml:DerivedUnit gml:id="areaInMetersSquaredforAWATER">
                     <gml:identifier codeSpace="area"/>
                     <gml:derivationUnitTerm uom="m" exponent="2"/>
                  </gml:DerivedUnit>
               </gfc:valueMeasurementUnit>
               <gfc:listedValue>
                  <gfc:FC_ListedValue>
                     <gfc:label gco:nilReason="inapplicable"/>
                     <gfc:definition>
                        <gco:CharacterString> Range Domain Minimum: 0
                                              Range Domain Maximum: 9,999,999,999,999</gco:CharacterString>
                     </gfc:definition>
                  </gfc:FC_ListedValue>
               </gfc:listedValue>
            </gfc:FC_FeatureAttribute>
         </gfc:carrierOfCharacteristics>
         <gfc:carrierOfCharacteristics>
            <gfc:FC_FeatureAttribute>
               <gfc:memberName>
                  <gco:LocalName>INTPTLAT</gco:LocalName>
               </gfc:memberName>
               <gfc:definition>
                  <gco:CharacterString>Current latitude of the internal point</gco:CharacterString>
               </gfc:definition>
               <gfc:cardinality gco:nilReason="unknown"/>
               <gfc:definitionReference xlink:title="U.S. Census Bureau"
                                        xlink:href="http://www.ngdc.noaa.gov/docucomp/eb139e38-ee29-4d59-b157-5e874d4420c4"/>
               <!--Do the following to convert from decimal degrees to degree minutes and seconds 
                                            1. The whole units of degrees will remain the same
                                            2. Multiply the decimal by 60 
                                            3. The whole number becomes the minutes 
                                            4. Take the remaining decimal and multiply by 60
                                            5. The resulting number becomes the seconds  Seconds can remain as a decimal.
                                            6. Take your three sets of numbers and put them together, using the symbols for degrees  minutes  and seconds 
                                        --><gfc:valueMeasurementUnit>
                  <gml:BaseUnit gml:id="INTPTLAT">
                     <gml:identifier codeSpace="INTPTLAT">Decimal degrees</gml:identifier>
                     <gml:unitsSystem xlink:href="http://www.bipm.org/en/si/si_brochure/chapter4/table6.html"/>
                  </gml:BaseUnit>
               </gfc:valueMeasurementUnit>
               <gfc:listedValue>
                  <gfc:FC_ListedValue>
                     <gfc:label gco:nilReason="inapplicable"/>
                     <gfc:definition>
                        <gco:CharacterString> Range Domain Minimum: -90.000000
                                              Range Domain Maximum: 90.000000</gco:CharacterString>
                     </gfc:definition>
                  </gfc:FC_ListedValue>
               </gfc:listedValue>
            </gfc:FC_FeatureAttribute>
         </gfc:carrierOfCharacteristics>
         <gfc:carrierOfCharacteristics>
            <gfc:FC_FeatureAttribute>
               <gfc:memberName>
                  <gco:LocalName>INTPTLON</gco:LocalName>
               </gfc:memberName>
               <gfc:definition>
                  <gco:CharacterString>Current longitude of the internal point</gco:CharacterString>
               </gfc:definition>
               <gfc:cardinality gco:nilReason="unknown"/>
               <gfc:definitionReference xlink:title="U.S. Census Bureau"
                                        xlink:href="http://www.ngdc.noaa.gov/docucomp/eb139e38-ee29-4d59-b157-5e874d4420c4"/>
               <!--Do the following to convert from decimal degrees to degree minutes and seconds 
                                            1. The whole units of degrees will remain the same
                                            2. Multiply the decimal by 60 
                                            3. The whole number becomes the minutes 
                                            4. Take the remaining decimal and multiply by 60
                                            5. The resulting number becomes the seconds  Seconds can remain as a decimal.
                                            6. Take your three sets of numbers and put them together, using the symbols for degrees  minutes  and seconds 
                                        --><gfc:valueMeasurementUnit>
                  <gml:BaseUnit gml:id="INTPTLON">
                     <gml:identifier codeSpace="INTPTLON">Decimal degrees</gml:identifier>
                     <gml:unitsSystem xlink:href="http://www.bipm.org/en/si/si_brochure/chapter4/table6.html"/>
                  </gml:BaseUnit>
               </gfc:valueMeasurementUnit>
               <gfc:listedValue>
                  <gfc:FC_ListedValue>
                     <gfc:label gco:nilReason="inapplicable"/>
                     <gfc:definition>
                        <gco:CharacterString> Range Domain Minimum: -180.000000
                                              Range Domain Maximum: 180.000000</gco:CharacterString>
                     </gfc:definition>
                  </gfc:FC_ListedValue>
               </gfc:listedValue>
            </gfc:FC_FeatureAttribute>
         </gfc:carrierOfCharacteristics>
      </gfc:FC_FeatureType>
   </gfc:featureType>
</gfc:FC_FeatureCatalogue>